blaZ	1	0	.	.	.
blaI	1	0	.	.	.
blaR1	1	0	.	.	.
pbp5	1	1	M485A	.	.
pbp5	1	1	S466_INS_S	.	.
pbp5	1	1	L433_INS_D	.	.
pbp5	1	1	S466_INS_D	.	.
pbp5	1	1	M485T	.	.
pbp5	1	1	E629V	.	.
pbp5	1	1	S39T	.	.
pbp5	1	1	D644N	.	.
pbp5	1	1	M426I	.	.
pbp5	1	1	T562A	.	.
pbp5	1	1	V586L	.	.
pbp5	1	1	A558V	.	.
pbp5	1	1	T574I	.	.
pbp5	1	1	A401S	.	.
pbp5	1	1	T499I	.	.
pbp5	1	1	D325E	.	.
pbp5	1	1	D372E	.	.
pbp5	1	1	L610I	.	.
pbp5	1	1	S466SS	.	.
pbp5	1	1	S466SD	.	.
pbp5	1	1	K450!	.	.
pbp5	1	1	W457!	.	.
pbp5	1	1	Q192QKG	.	.
pbp5	1	1	D434A	.	.
pbp5	1	1	N496K	.	.
pbp5	1	1	A499T	.	.
pbp5	1	1	E525D	.	.
vanA	1	0	.	.	.
vanHA	1	0	.	.	.
vanRA	1	0	.	.	.
vanSA	1	0	.	.	.
vanXA	1	0	.	.	.
vanYA	1	0	.	.	.
vanZA	1	0	.	.	.
vanB	1	0	.	.	.
vanHB	1	0	.	.	.
vanRB	1	0	.	.	.
vanSB	1	0	.	.	.
vanWB	1	0	.	.	.
vanXB	1	0	.	.	.
vanYB	1	0	.	.	.
vanB-pE7948	1	0	.	.	.
vanHB-pE7948	1	0	.	.	.
vanRB-pE7948	1	0	.	.	.
vanSB-pE7948	1	0	.	.	.
vanWB-pE7948	1	0	.	.	.
vanXB-pE7948	1	0	.	.	.
vanYB-pE7948	1	0	.	.	.
liaS	1	1	T120A	.	.
cls	1	1	A20D	.	.
liaR	1	1	W73C	.	.
liaR	1	1	WPE73CPK	.	.
liaS	1	1	H264Q	.	.
liaF	1	1	L31F	.	.
cls	1	1	N13I	.	.
liaF	1	1	I144T	.	.
cls	1	1	H215R	.	.
cls	1	1	L110_INS_MPL	.	.
cls	1	1	N13S	.	.
liaS	1	1	G92D	.	.
cls	1	1	N13T	.	.
cls	1	1	R218Q	.	.
liaS	1	1	N251E	.	.
cls	1	1	G53R	.	.
cls	1	1	R215K	.	.
clsB	1	1	V174G	.	.
cls	1	1	N23T	.	.
clsB	1	1	V38L	.	.
clsB	1	1	S298T	.	.
yycH	1	1	L429S	.	.
HDprotein	1	1	A151P	.	.
gdpD	1	1	I283F	.	.
liaS	1	1	L70F	.	.
liaF	1	1	T27I	.	.
cls	1	1	G181S	.	.
cls	1	1	S455L	.	.
yycH	1	1	G386R	.	.
liaS	1	1	D251N	.	.
liaF	1	1	N102S	.	.
cls	1	1	N237D	.	.
cls	1	1	E279Q	.	.
yycG	1	1	S333L	.	.
HDprotein	1	1	R38H	.	.
yycH	1	1	D311E	.	.
HDprotein	1	1	H35P	.	.
HDprotein	1	1	H35_DEL_S	.	.
yycI	1	1	G228E	.	.
liaF	1	1	I134T	.	.
yycG	1	1	A414T	.	.
liaS	1	1	E192G	.	.
liaF	1	1	L27I	.	.
cfa	1	1	A292G	.	.
rrma	1	1	S76Y	.	.
sulP	1	1	H71Y	.	.
xpaC	1	1	H198D	.	.
PTS-EIIA	1	1	N118K	.	.
HDprotein	1	1	R57H	.	.
cls	1	1	R267H	.	.
liaX	1	1	R152!	.	.
liaX	1	0	.	.	.
liaR	1	1	D191N	.	.
cls	1	1	R211Q	.	.
liaF	1	1	G135A	.	.
liaF	1	1	E239G	.	.
cls	1	1	D27N	.	.
efmA	0	0	.	.	.
efrA	1	0	.	.	.
efrB	0	0	.	.	.
emeA	1	0	.	.	.
qnr	1	0	.	.	.
gyrA	1	1	S84R	.	.
parC	1	1	S82I	.	.
parC	1	1	S82R	.	.
parC	1	1	S82A	.	.
parC	1	1	R63G	.	.
parC	1	1	E86K 	.	.
gyrA	1	1	S84I	.	.
gyrB	1	1	D436N	.	.
parC	1	1	S82F	.	.
gyrA	1	1	S84Y	.	.
gyrA	1	1	M128W	.	.
gyrB	1	1	L371W	.	.
gyrB	1	1	P455S	.	.
gyrA	1	1	S84F	.	.
gyrA	1	1	S84L	.	.
parC	1	1	E86T	.	.
gyrA	1	1	A85P	.	.
gyrA	1	1	E88K	.	.
parC	1	1	E86K	.	.
parC	1	1	N75D	.	.
gyrA	1	1	E88L	.	.
gyrA	1	1	E88G	.	.
parC	1	1	E86L	.	.
gyrA	1	1	S98N	.	.
gyrA	1	1	E88Q	.	.
AAC(6')-Ie-APH(2'')-Ia	1	0	.	.	.
APH(2'')-IIa	1	0	.	.	.
APH(2'')-IIIa	1	0	.	.	.
APH(2'')-IVa	1	0	.	.	.
APH(6)-Ic	1	0	.	.	.
APH(3')-IIIa	1	0	.	.	.
ANT(4')-Ia	1	0	.	.	.
AAC(6')-Ii	1	0	.	.	.
efmM	1	0	.	.	.
ANT(3'')-Ia	1	0	.	.	.
aad(6)	0	0	.	.	.
ANT(6)-Ia	1	0	.	.	.
ANT(6)-Ia-pAML0157	1	0	.	.	.
APH(2'')-Ie	1	0	.	.	.
tetL	1	0	.	.	.
tetM	1	0	.	.	.
tetX	1	0	.	.	.
rpsJ	1	1	I51_DEL_IRATH	.	.
rpsJ	1	1	I51_DEL_I	.	.
rpsJ	1	1	Y58H	.	.
rpsJ	1	1	I52M	.	.
rpsJ	1	1	I52_DEL_RA	.	.
rpsJ	1	1	I52_DEL_RAT	.	.
rpsJ	1	1	H56N	.	.
rpsJ	1	1	R53Q	.	.
rpsJ	1	1	R53_DEL_ATHK	.	.
rpsJ	1	1	A54E	.	.
rpsJ	1	1	H56R	.	.
rpsJ	1	1	K57N	.	.
rpsJ	1	1	K57R	.	.
rpsJ	1	1	Y58D	.	.
rpsJ	1	1	T55A	.	.
rpsJ	1	1	K57E	.	.
rpsJ	1	1	Y58S	.	.
rpsJ	1	1	D60Y	.	.
ermB	1	0	.	.	.
ermB-E7067	1	0	.	.	.
ermA	1	0	.	.	.
ermA-AF002716	1	0	.	.	.
ermA-EU348758	0	0	.	.	.
ermA-KT862775	1	0	.	.	.
lsaA	1	0	.	.	.
lsaB	1	0	.	.	.
lsaC	1	0	.	.	.
lsaE	1	0	.	.	.
lnuA	1	0	.	.	.
lnuB	1	0	.	.	.
lnuC	1	0	.	.	.
lnuF	1	0	.	.	.
cfrA	1	0	.	.	.
eatA	1	1	T450I	.	.
ermT	1	0	.	.	.
ermC	1	0	.	.	.
mefA	1	0	.	.	.
msrC	1	0	.	.	.
cfrB	1	0	.	.	.
optrA	1	0	.	.	.
poxtA	1	0	.	.	.
23SrRNA	0	0	C2437T	.	.
23SrRNA	0	0	G2589T	.	.
rplC	1	1	T150A	.	.
rplD	1	1	F101L	.	.
rplC	1	1	K95T	.	.
rplC	1	1	T201T	.	.
rplD	1	1	E116D	.	.
rplC	1	1	Q14P	.	.
rplC	1	1	G4R	.	.
rplD	1	1	K8N	.	.
rplD	1	1	E202K	.	.
rplC	1	1	G4D	.	.
rplD	1	1	E202G	.	.
rplC	1	1	G4K	.	.
rplD	1	1	V203W	.	.
rplD	1	1	E201V	.	.
rplC	1	1	G7W	.	.
rplD	1	1	E202R	.	.
rplD	1	1	K8!	.	.
rplD	1	1	V4G	.	.
rplD	1	1	V203G	.	.
23SrRNA	0	0	T2258C	.	.
23SrRNA	0	0	T2262A	.	.
23SrRNA	0	0	G2264T	.	.
23SrRNA	0	0	G2266A	.	.
23SrRNA	0	0	G2460T	.	.
23SrRNA	0	0	A2463G	.	.
23SrRNA	0	0	G2518A	.	.
23SrRNA	0	0	G2589A	.	.
23SrRNA	0	0	G2589C	.	.
23SrRNA	0	0	G2634T	.	.
23SrRNA	0	0	G2640A	.	.
23SrRNA	0	0	C2659T	.	.
rplC	1	1	S113L	.	.
rplD	1	1	T35A	.	.
rplD	1	1	N79D	.	.
rplD	1	1	I98V	.	.
rplD	1	1	Q103_DEL	.	.
rplD	1	1	V109A	.	.
rplD	1	1	A114V	.	.
rplD	1	1	N130K	.	.
rplD	1	1	S171A	.	.
rplD	1	1	P171S	.	.
rplD	1	1	T70_INS_V	.	.
rplV	1	1	A35T	.	.
rplV	1	1	S77T	.	.
vatD	1	0	.	.	.
vgbA	1	0	.	.	.
vgaD	1	0	.	.	.
vatH	1	0	.	.	.
vatE	1	0	.	.	.
tetO	1	0	.	.	.
tetS	1	0	.	.	.
tetU	1	0	.	.	.
tetWNW	1	0	.	.	.
tetK	1	0	.	.	.
tetT	1	0	.	.	.
tetW	1	0	.	.	.
tet40	1	0	.	.	.
