23SrRNA	0	0	T2258C	.	.
23SrRNA	0	0	T2262A	.	.
23SrRNA	0	0	G2264T	.	.
23SrRNA	0	0	G2266A	.	.
23SrRNA	0	0	C2437T	.	.
23SrRNA	0	0	G2460T	.	.
23SrRNA	0	0	A2463G	.	.
23SrRNA	0	0	G2518A	.	.
23SrRNA	0	0	G2589A	.	.
23SrRNA	0	0	G2589C	.	.
23SrRNA	0	0	G2589T	.	.
23SrRNA	0	0	G2634T	.	.
23SrRNA	0	0	G2640A	.	.
23SrRNA	0	0	C2659T	.	.
AAC_6___Ie_APH_2____Ia	1	0	.	.	.
AAC_6___Ii	1	0	.	.	.
ANT_3____Ia	1	0	.	.	.
ANT_4___Ia	1	0	.	.	.
ANT_6__Ia	1	0	.	.	.
ANT_6__Ia_pAML0157	1	0	.	.	.
ANT_9__Ia	1	0	.	.	.
APH_2____IIIa	1	0	.	.	.
APH_2____IIa	1	0	.	.	.
APH_2____IVa	1	0	.	.	.
APH_2____Ie	1	0	.	.	.
APH_3___IIIa	1	0	.	.	.
APH_6__Ic	1	0	.	.	.
HDprotein	1	1	H35P	.	.
HDprotein	1	1	R38H	.	.
HDprotein	1	1	A151P	.	.
aad_6_	0	0	.	.	.
adk	1	0	.	.	.
atpA	1	0	.	.	.
blaI	1	0	.	.	.
blaR1	1	0	.	.	.
blaZ	1	0	.	.	.
catA_pC194	1	0	.	.	.
catA_pC221	1	0	.	.	.
catA_pC223	1	0	.	.	.
catA_pSCS7	1	0	.	.	.
cat_pIP501	1	0	.	.	.
cfa	1	1	A292G	.	.
cfrA	1	0	.	.	.
cfrB	1	0	.	.	.
cls	1	1	N13I	.	.
cls	1	1	N13S	.	.
cls	1	1	N13T	.	.
cls	1	1	A20D	.	.
cls	1	1	D27N	.	.
cls	1	1	G53R	.	.
cls	1	1	G181S	.	.
cls	1	1	R211Q	.	.
cls	1	1	H215R	.	.
cls	1	1	R218Q	.	.
cls	1	1	N237D	.	.
cls	1	1	R267H	.	.
cls	1	1	E279Q	.	.
cls	1	1	S455L	.	.
clsB	1	1	V38L	.	.
clsB	1	1	V174G	.	.
clsB	1	1	S298T	.	.
ddl	1	0	.	.	.
eatA	1	1	T450I	.	.
efmA	0	0	.	.	.
efmM	1	0	.	.	.
efrA	1	0	.	.	.
efrB	0	0	.	.	.
emeA	1	0	.	.	.
ermA	1	0	.	.	.
ermA_AF002716	1	0	.	.	.
ermA_KT862775	1	0	.	.	.
ermB	1	0	.	.	.
ermB_E7067	1	0	.	.	.
ermC	1	0	.	.	.
ermT	1	0	.	.	.
fexA	1	0	.	.	.
fexB	1	0	.	.	.
fosB	1	0	.	.	.
fosB3	1	0	.	.	.
fosX	1	0	.	.	.
gdh	1	0	.	.	.
gdpD	1	1	I283F	.	.
gyd	1	0	.	.	.
gyrA	1	1	S84F	.	.
gyrA	1	1	S84I	.	.
gyrA	1	1	S84L	.	.
gyrA	1	1	S84R	.	.
gyrA	1	1	S84Y	.	.
gyrA	1	1	A85P	.	.
gyrA	1	1	E88G	.	.
gyrA	1	1	E88K	.	.
gyrA	1	1	E88L	.	.
gyrA	1	1	E88Q	.	.
gyrA	1	1	S98N	.	.
gyrA	1	1	M128W	.	.
gyrB	1	1	L371W	.	.
gyrB	1	1	D436N	.	.
gyrB	1	1	P455S	.	.
liaF	1	1	T27I	.	.
liaF	1	1	L31F	.	.
liaF	1	1	I134T	.	.
liaF	1	1	G135A	.	.
liaF	1	1	I144T	.	.
liaF	1	1	E239G	.	.
liaR	1	1	W73C	.	.
liaS	1	1	L70F	.	.
liaS	1	1	G92D	.	.
liaS	1	1	T120A	.	.
liaS	1	1	E192G	.	.
liaS	1	1	D251N	.	.
liaS	1	1	H264Q	.	.
liaX	1	0	.	.	.
lnuA	1	0	.	.	.
lnuB	1	0	.	.	.
lnuC	1	0	.	.	.
lnuF	1	0	.	.	.
lsaA	1	0	.	.	.
lsaB	1	0	.	.	.
lsaC	1	0	.	.	.
lsaE	1	0	.	.	.
mefA	1	0	.	.	.
msrC	1	0	.	.	.
murA	1	1	C119D	.	.
murA	1	1	R263C	.	.
murA	1	1	E278R	.	.
murA	1	1	G281S	.	.
murA	1	1	V283I	.	.
optrA	1	0	.	.	.
parC	1	1	R63G	.	.
parC	1	1	N75D	.	.
parC	1	1	S82A	.	.
parC	1	1	S82F	.	.
parC	1	1	S82I	.	.
parC	1	1	S82R	.	.
parC	1	1	E86K	.	.
parC	1	1	E86L	.	.
parC	1	1	E86T	.	.
pbp5	1	1	S39T	.	.
pbp5	1	1	D325E	.	.
pbp5	1	1	A401S	.	.
pbp5	1	1	M426I	.	.
pbp5	1	1	D434A	.	.
pbp5	1	1	M485A	.	.
pbp5	1	1	M485T	.	.
pbp5	1	1	K491N	.	.
pbp5	1	1	N496K	.	.
pbp5	1	1	A499T	.	.
pbp5	1	1	E525D	.	.
pbp5	1	1	A558V	.	.
pbp5	1	1	T562A	.	.
pbp5	1	1	T574I	.	.
pbp5	1	1	V586L	.	.
pbp5	1	1	L610I	.	.
pbp5	1	1	E629V	.	.
pbp5	1	1	D644N	.	.
poxtA	1	0	.	.	.
pstS	1	0	.	.	.
purK	1	0	.	.	.
qnr	1	0	.	.	.
rplC	1	1	G4D	.	.
rplC	1	1	G4K	.	.
rplC	1	1	G4R	.	.
rplC	1	1	G7W	.	.
rplC	1	1	Q14P	.	.
rplC	1	1	K95T	.	.
rplC	1	1	T150A	.	.
rplC	1	1	T201T	.	.
rplD	1	1	V4G	.	.
rplD	1	1	K8N	.	.
rplD	1	1	F101L	.	.
rplD	1	1	V109A	.	.
rplD	1	1	E116D	.	.
rplD	1	1	N130K	.	.
rplD	1	1	P171S	.	.
rplV	1	1	A35T	.	.
rplV	1	1	S77T	.	.
rpoB	1	1	V135F	.	.
rpoB	1	1	V135I	.	.
rpoB	1	1	Q470K	.	.
rpoB	1	1	Q473K	.	.
rpoB	1	1	Q473R	.	.
rpoB	1	1	D476V	.	.
rpoB	1	1	D476Y	.	.
rpoB	1	1	Q477H	.	.
rpoB	1	1	G482D	.	.
rpoB	1	1	G482V	.	.
rpoB	1	1	H486D	.	.
rpoB	1	1	H486P	.	.
rpoB	1	1	H486Q	.	.
rpoB	1	1	H486R	.	.
rpoB	1	1	H486Y	.	.
rpoB	1	1	R489H	.	.
rpoB	1	1	R489S	.	.
rpoB	1	1	S491L	.	.
rpoB	1	1	L493F	.	.
rpoB	1	1	S534R	.	.
rpsJ	1	1	I52M	.	.
rpsJ	1	1	R53Q	.	.
rpsJ	1	1	A54E	.	.
rpsJ	1	1	T55A	.	.
rpsJ	1	1	H56N	.	.
rpsJ	1	1	H56R	.	.
rpsJ	1	1	K57E	.	.
rpsJ	1	1	K57N	.	.
rpsJ	1	1	K57R	.	.
rpsJ	1	1	Y58D	.	.
rpsJ	1	1	Y58H	.	.
rpsJ	1	1	Y58S	.	.
rpsJ	1	1	D60Y	.	.
rrma	1	1	S76Y	.	.
tet40	1	0	.	.	.
tetK	1	0	.	.	.
tetL	1	0	.	.	.
tetM	1	0	.	.	.
tetO	1	0	.	.	.
tetS	1	0	.	.	.
tetT	1	0	.	.	.
tetU	1	0	.	.	.
tetW	1	0	.	.	.
tetWNW	1	0	.	.	.
tetX	1	0	.	.	.
vanA	1	0	.	.	.
vanB	1	0	.	.	.
vanB_pE7948	1	0	.	.	.
vanHA	1	0	.	.	.
vanHB	1	0	.	.	.
vanHB_pE7948	1	0	.	.	.
vanRA	1	0	.	.	.
vanRB	1	0	.	.	.
vanRB_pE7948	1	0	.	.	.
vanSA	1	0	.	.	.
vanSB	1	0	.	.	.
vanSB_pE7948	1	0	.	.	.
vanWB	1	0	.	.	.
vanWB_pE7948	1	0	.	.	.
vanXA	1	0	.	.	.
vanXB	1	0	.	.	.
vanXB_pE7948	1	0	.	.	.
vanYA	1	0	.	.	.
vanYB	1	0	.	.	.
vanYB_pE7948	1	0	.	.	.
vanZA	1	0	.	.	.
vatD	1	0	.	.	.
vatE	1	0	.	.	.
vatH	1	0	.	.	.
vgaD	1	0	.	.	.
vgbA	1	0	.	.	.
xpaC	1	1	H198D	.	.
yycG	1	1	S333L	.	.
yycG	1	1	A414T	.	.
yycH	1	1	D311E	.	.
yycH	1	1	L429S	.	.
yycI	1	1	G228E	.	.
